Metric#5,,
,,
Class,LOC,V
org.apache.commons.configuration2.AbstractConfiguration,"1,733","12,561"
org.apache.commons.configuration2.AbstractHierarchicalConfiguration,742,"4,811"
org.apache.commons.configuration2.AbstractHierarchicalConfiguration.DefinedKeysVisitor,81,383
org.apache.commons.configuration2.AbstractHierarchicalConfiguration.DefinedVisitor,45,129
org.apache.commons.configuration2.AbstractYAMLBasedConfiguration,179,"1,121"
org.apache.commons.configuration2.BaseConfiguration,182,745
org.apache.commons.configuration2.BaseConfigurationXMLReader,76,264
org.apache.commons.configuration2.BaseConfigurationXMLReader.SAXConverter,33,79
org.apache.commons.configuration2.BaseHierarchicalConfiguration,623,"6,054"
org.apache.commons.configuration2.BaseHierarchicalConfiguration.BuilderVisitor,130,658
org.apache.commons.configuration2.BaseHierarchicalConfiguration.InterpolatedVisitor,193,"1,094"
org.apache.commons.configuration2.BaseNonStringProperties,141,"1,341"
org.apache.commons.configuration2.CombinedConfiguration,897,"5,622"
org.apache.commons.configuration2.CombinedConfiguration.ConfigData,172,885
org.apache.commons.configuration2.CompositeConfiguration,586,"3,412"
org.apache.commons.configuration2.ConfigurationAssert,157,"1,031"
org.apache.commons.configuration2.ConfigurationConverter,116,489
org.apache.commons.configuration2.ConfigurationLookup,55,102
org.apache.commons.configuration2.ConfigurationMap,80,615
org.apache.commons.configuration2.ConfigurationMap.ConfigurationSet,35,405
org.apache.commons.configuration2.ConfigurationMap.ConfigurationSet.ConfigurationSetIterator,27,93
org.apache.commons.configuration2.ConfigurationMap.ConfigurationSet.Entry,29,113
org.apache.commons.configuration2.ConfigurationUtils,595,"3,038"
org.apache.commons.configuration2.ConfigurationXMLReader,316,"1,070"
org.apache.commons.configuration2.DataConfiguration,"1,557","5,789"
org.apache.commons.configuration2.DataConfiguration.DataConversionHandler,36,104
org.apache.commons.configuration2.DatabaseConfiguration,594,"4,438"
org.apache.commons.configuration2.DatabaseConfiguration.JdbcOperation,164,840
org.apache.commons.configuration2.DatabaseConfigurationTestHelper,236,"1,343"
org.apache.commons.configuration2.DynamicCombinedConfiguration,843,"7,420"
org.apache.commons.configuration2.DynamicCombinedConfiguration.ConfigData,53,103
org.apache.commons.configuration2.DynamicCombinedConfiguration.CurrentConfigHolder,72,148
org.apache.commons.configuration2.EnvironmentConfiguration,66,93
org.apache.commons.configuration2.FileURLStreamHandler,30,93
org.apache.commons.configuration2.FindNodeVisitor,61,125
org.apache.commons.configuration2.HierarchicalConfigurationConverter,168,956
org.apache.commons.configuration2.HierarchicalConfigurationXMLReader,84,689
org.apache.commons.configuration2.HierarchicalConfigurationXMLReader.SAXVisitor,83,446
org.apache.commons.configuration2.INIConfiguration,933,"7,441"
org.apache.commons.configuration2.INIConfiguration.GlobalSectionNodeModel,103,607
org.apache.commons.configuration2.ImmutableConfigurationInvocationHandler,80,337
org.apache.commons.configuration2.ImmutableConfigurationInvocationHandler.ImmutableIterator,47,96
org.apache.commons.configuration2.InterpolationTestHelper,257,"3,404"
org.apache.commons.configuration2.JNDIConfiguration,411,"2,493"
org.apache.commons.configuration2.JSONConfiguration,76,364
org.apache.commons.configuration2.Logging,214,972
org.apache.commons.configuration2.MapConfiguration,242,967
org.apache.commons.configuration2.MockInitialContextFactory,191,"2,197"
org.apache.commons.configuration2.NonCloneableConfiguration,53,89
org.apache.commons.configuration2.NonStringTestHolder,114,"1,793"
org.apache.commons.configuration2.PatternSubtreeConfigurationWrapper,389,"4,004"
org.apache.commons.configuration2.PrefixedKeysIterator,97,353
org.apache.commons.configuration2.PropertiesConfiguration,742,"10,132"
org.apache.commons.configuration2.PropertiesConfiguration.DefaultIOFactory,29,53
org.apache.commons.configuration2.PropertiesConfiguration.JupIOFactory,64,106
org.apache.commons.configuration2.PropertiesConfiguration.JupPropertiesReader,83,621
org.apache.commons.configuration2.PropertiesConfiguration.JupPropertiesWriter,60,380
org.apache.commons.configuration2.PropertiesConfiguration.PropertiesReader,263,"1,308"
org.apache.commons.configuration2.PropertiesConfiguration.PropertiesWriter,308,"1,632"
org.apache.commons.configuration2.PropertiesConfigurationLayout,757,"6,144"
org.apache.commons.configuration2.PropertiesConfigurationLayout.PropertyLayoutData,147,560
org.apache.commons.configuration2.StrictConfigurationComparator,57,352
org.apache.commons.configuration2.SubnodeConfiguration,231,514
org.apache.commons.configuration2.SubsetConfiguration,227,"1,472"
org.apache.commons.configuration2.SubsetConfiguration.SubsetIterator,53,87
org.apache.commons.configuration2.SynchronizerTestImpl,117,492
org.apache.commons.configuration2.SynchronizerTestImpl.Methods,7,4
org.apache.commons.configuration2.SystemConfiguration,85,428
org.apache.commons.configuration2.TestAbstractConfiguration,151,"1,700"
org.apache.commons.configuration2.TestAbstractConfigurationBasicFeatures,"1,036","13,832"
org.apache.commons.configuration2.TestAbstractConfigurationBasicFeatures.CollectingConfigurationListener,14,41
org.apache.commons.configuration2.TestAbstractConfigurationBasicFeatures.TestConfigurationImpl,50,207
org.apache.commons.configuration2.TestAbstractConfigurationSynchronization,220,"1,481"
org.apache.commons.configuration2.TestAbstractHierarchicalConfiguration,926,"16,809"
org.apache.commons.configuration2.TestAbstractHierarchicalConfiguration.AbstractHierarchicalConfigurationTestImpl,70,304
org.apache.commons.configuration2.TestBaseConfiguration,644,"12,157"
org.apache.commons.configuration2.TestBaseConfigurationXMLReader,95,"1,488"
org.apache.commons.configuration2.TestBaseConfigurationXMLReader.TestContentHandler,10,59
org.apache.commons.configuration2.TestBaseHierarchicalConfigurationSynchronization,238,"2,696"
org.apache.commons.configuration2.TestBaseHierarchicalConfigurationSynchronization.SubNodeAccessThread,63,277
org.apache.commons.configuration2.TestBaseNullConfiguration,344,"6,082"
org.apache.commons.configuration2.TestCatalogResolver,74,465
org.apache.commons.configuration2.TestCombinedConfiguration,971,"14,466"
org.apache.commons.configuration2.TestCombinedConfiguration.CombinedListener,34,147
org.apache.commons.configuration2.TestCombinedConfiguration.ReadThread,78,442
org.apache.commons.configuration2.TestCombinedConfiguration.WriteThread,64,372
org.apache.commons.configuration2.TestCompositeConfiguration,815,"13,197"
org.apache.commons.configuration2.TestCompositeConfigurationNonStringProperties,21,136
org.apache.commons.configuration2.TestConfigurationConverter,113,"1,297"
org.apache.commons.configuration2.TestConfigurationLookup,74,606
org.apache.commons.configuration2.TestConfigurationMap,60,460
org.apache.commons.configuration2.TestConfigurationSet,69,626
org.apache.commons.configuration2.TestConfigurationUtils,502,"5,426"
org.apache.commons.configuration2.TestConfigurationUtils.CloneableSynchronizer,33,77
org.apache.commons.configuration2.TestConfigurationUtils.NonCloneableSynchronizer,6,8
org.apache.commons.configuration2.TestDataConfiguration,"2,072","41,055"
org.apache.commons.configuration2.TestDatabaseConfiguration,453,"5,727"
org.apache.commons.configuration2.TestDatabaseConfiguration.PotentialErrorDatabaseConfiguration,31,135
org.apache.commons.configuration2.TestDynamicCombinedConfiguration,335,"7,950"
org.apache.commons.configuration2.TestDynamicCombinedConfiguration.ReaderThread,56,375
org.apache.commons.configuration2.TestDynamicCombinedConfiguration.ReloadThread,53,574
org.apache.commons.configuration2.TestDynamicCombinedConfiguration.ThreadLookup,25,180
org.apache.commons.configuration2.TestEnvironmentConfiguration,68,374
org.apache.commons.configuration2.TestEqualBehaviour,186,"2,993"
org.apache.commons.configuration2.TestEqualsProperty,19,116
org.apache.commons.configuration2.TestHierarchicalConfiguration,576,"6,545"
org.apache.commons.configuration2.TestHierarchicalConfigurationXMLReader,39,474
org.apache.commons.configuration2.TestHierarchicalXMLConfiguration,237,"4,294"
org.apache.commons.configuration2.TestINIConfiguration,"1,143","17,048"
org.apache.commons.configuration2.TestINIConfiguration.GlobalSectionTestThread,40,171
org.apache.commons.configuration2.TestImmutableConfiguration,189,"1,763"
org.apache.commons.configuration2.TestJNDIConfiguration,247,"2,675"
org.apache.commons.configuration2.TestJNDIConfiguration.PotentialErrorJNDIConfiguration,45,138
org.apache.commons.configuration2.TestJNDIEnvironmentValues,102,"1,091"
org.apache.commons.configuration2.TestJSONConfiguration,101,"1,271"
org.apache.commons.configuration2.TestMapConfiguration,127,"1,376"
org.apache.commons.configuration2.TestNonStringProperties,19,110
org.apache.commons.configuration2.TestNullCompositeConfiguration,369,"6,328"
org.apache.commons.configuration2.TestNullJNDIEnvironmentValues,102,"1,097"
org.apache.commons.configuration2.TestPatternSubtreeConfiguration,55,423
org.apache.commons.configuration2.TestPropertiesConfiguration,"1,232","18,870"
org.apache.commons.configuration2.TestPropertiesConfiguration.DummyLayout,15,39
org.apache.commons.configuration2.TestPropertiesConfiguration.MockHttpURLConnection,40,171
org.apache.commons.configuration2.TestPropertiesConfiguration.MockHttpURLStreamHandler,27,122
org.apache.commons.configuration2.TestPropertiesConfiguration.PropertiesReaderTestImpl,34,162
org.apache.commons.configuration2.TestPropertiesConfiguration.PropertiesWriterTestImpl,13,43
org.apache.commons.configuration2.TestPropertiesConfigurationLayout,654,"10,889"
org.apache.commons.configuration2.TestPropertiesConfigurationLayout.LayoutTestConfiguration,28,137
org.apache.commons.configuration2.TestPropertiesConfigurationLayout.PropertiesBuilder,71,315
org.apache.commons.configuration2.TestPropertiesSequence,99,"1,746"
org.apache.commons.configuration2.TestStrictConfigurationComparator,60,466
org.apache.commons.configuration2.TestSubnodeConfiguration,444,"5,025"
org.apache.commons.configuration2.TestSubsetConfiguration,289,"4,300"
org.apache.commons.configuration2.TestSystemConfiguration,111,977
org.apache.commons.configuration2.TestThreesomeConfiguration,41,248
org.apache.commons.configuration2.TestXMLConfiguration,"1,540","25,367"
org.apache.commons.configuration2.TestXMLConfiguration.ReloadThread,19,80
org.apache.commons.configuration2.TestXMLConfiguration_605,109,900
org.apache.commons.configuration2.TestXMLDocumentHelper,275,"2,370"
org.apache.commons.configuration2.TestXMLListHandling,153,"1,285"
org.apache.commons.configuration2.TestXMLPropertiesConfiguration,114,"1,564"
org.apache.commons.configuration2.TestYAMLConfiguration,88,"1,014"
org.apache.commons.configuration2.XMLConfiguration,951,"10,879"
org.apache.commons.configuration2.XMLConfiguration.XMLBuilderVisitor,293,"2,584"
org.apache.commons.configuration2.XMLDocumentHelper,320,"1,422"
org.apache.commons.configuration2.XMLListReference,181,"1,004"
org.apache.commons.configuration2.XMLPropertiesConfiguration,293,"2,981"
org.apache.commons.configuration2.XMLPropertiesConfiguration.XMLPropertiesHandler,57,331
org.apache.commons.configuration2.YAMLConfiguration,105,555
org.apache.commons.configuration2.beanutils.BeanCreationTestBean,34,133
org.apache.commons.configuration2.beanutils.BeanCreationTestBeanWithListChild,36,170
org.apache.commons.configuration2.beanutils.BeanCreationTestCtorBean,23,77
org.apache.commons.configuration2.beanutils.BeanDeclarationTestImpl,71,263
org.apache.commons.configuration2.beanutils.BeanHelper,553,"3,664"
org.apache.commons.configuration2.beanutils.BeanHelper.BeanCreationContextImpl,52,224
org.apache.commons.configuration2.beanutils.CombinedBeanDeclaration,159,706
org.apache.commons.configuration2.beanutils.ConfigurationDynaBean,198,"1,910"
org.apache.commons.configuration2.beanutils.ConfigurationDynaClass,113,958
org.apache.commons.configuration2.beanutils.ConstructorArg,197,663
org.apache.commons.configuration2.beanutils.DefaultBeanFactory,303,"1,621"
org.apache.commons.configuration2.beanutils.TestBeanHelper,434,"5,016"
org.apache.commons.configuration2.beanutils.TestBeanHelper.TestBeanFactory,55,283
org.apache.commons.configuration2.beanutils.TestCombinedBeanDeclaration,246,"2,663"
org.apache.commons.configuration2.beanutils.TestConfigurationDynaBean,603,"9,029"
org.apache.commons.configuration2.beanutils.TestConfigurationDynaBeanXMLConfig,23,15
org.apache.commons.configuration2.beanutils.TestConstructorArg,65,390
org.apache.commons.configuration2.beanutils.TestDefaultBeanFactory,262,"2,716"
org.apache.commons.configuration2.beanutils.TestXMLBeanDeclaration,493,"6,529"
org.apache.commons.configuration2.beanutils.TestXMLBeanDeclaration.XMLBeanDeclarationTestImpl,12,36
org.apache.commons.configuration2.beanutils.XMLBeanDeclaration,530,"3,229"
org.apache.commons.configuration2.beanutils.XMLBeanDeclaration.NodeData,115,398
org.apache.commons.configuration2.builder.AutoSaveListener,125,428
org.apache.commons.configuration2.builder.BasicBuilderParameters,567,"3,281"
org.apache.commons.configuration2.builder.BasicConfigurationBuilder,702,"3,242"
org.apache.commons.configuration2.builder.BuilderConfigurationWrapperFactory,141,799
org.apache.commons.configuration2.builder.BuilderConfigurationWrapperFactory.BuilderConfigurationWrapperInvocationHandler,85,298
org.apache.commons.configuration2.builder.BuilderConfigurationWrapperFactory.EventSourceSupport,40,2
org.apache.commons.configuration2.builder.BuilderEventListenerImpl,65,255
org.apache.commons.configuration2.builder.ConfigurationBuilderEvent,64,134
org.apache.commons.configuration2.builder.ConfigurationBuilderResultCreatedEvent,66,140
org.apache.commons.configuration2.builder.CopyObjectDefaultHandler,85,156
org.apache.commons.configuration2.builder.DatabaseBuilderParametersImpl,77,407
org.apache.commons.configuration2.builder.DefaultParametersManager,174,753
org.apache.commons.configuration2.builder.DefaultParametersManager.DefaultHandlerData,65,267
org.apache.commons.configuration2.builder.DefaultReloadingDetectorFactory,28,89
org.apache.commons.configuration2.builder.EventListenerParameters,86,134
org.apache.commons.configuration2.builder.FileBasedBuilderParametersImpl,276,"1,487"
org.apache.commons.configuration2.builder.FileBasedConfigurationBuilder,342,"1,777"
org.apache.commons.configuration2.builder.HierarchicalBuilderParametersImpl,40,100
org.apache.commons.configuration2.builder.INIBuilderParametersImpl,51,222
org.apache.commons.configuration2.builder.JndiBuilderParametersImpl,40,104
org.apache.commons.configuration2.builder.ParametersBeanTestImpl,40,171
org.apache.commons.configuration2.builder.PropertiesBuilderParametersImpl,59,230
org.apache.commons.configuration2.builder.ReloadingBuilderSupportListener,85,208
org.apache.commons.configuration2.builder.ReloadingFileBasedConfigurationBuilder,213,690
org.apache.commons.configuration2.builder.TestAutoSaveListener,124,686
org.apache.commons.configuration2.builder.TestBasicBuilderParameters,514,"6,423"
org.apache.commons.configuration2.builder.TestBasicConfigurationBuilder,516,"6,148"
org.apache.commons.configuration2.builder.TestBasicConfigurationBuilder.AccessBuilderThread,46,164
org.apache.commons.configuration2.builder.TestBasicConfigurationBuilder.BasicConfigurationBuilderInitFailImpl,21,77
org.apache.commons.configuration2.builder.TestBasicConfigurationBuilder.InitializableConfiguration,24,53
org.apache.commons.configuration2.builder.TestBasicConfigurationBuilderEvents,182,"1,164"
org.apache.commons.configuration2.builder.TestBuilderConfigurationWrapperFactory,178,"1,413"
org.apache.commons.configuration2.builder.TestCopyObjectDefaultHandler,80,459
org.apache.commons.configuration2.builder.TestDatabaseBuilderParametersImpl,105,877
org.apache.commons.configuration2.builder.TestDefaultParametersManager,200,"1,648"
org.apache.commons.configuration2.builder.TestDefaultParametersManager.FileBasedDefaultsHandler,16,53
org.apache.commons.configuration2.builder.TestDefaultReloadingDetectorFactory,47,253
org.apache.commons.configuration2.builder.TestEventListenerParameters,62,451
org.apache.commons.configuration2.builder.TestFileBasedBuilderParameters,369,"4,015"
org.apache.commons.configuration2.builder.TestFileBasedConfigurationBuilder,490,"4,755"
org.apache.commons.configuration2.builder.TestHierarchicalBuilderParametersImpl,62,450
org.apache.commons.configuration2.builder.TestJndiBuilderParametersImpl,64,495
org.apache.commons.configuration2.builder.TestPropertiesBuilderParametersImpl,108,972
org.apache.commons.configuration2.builder.TestReloadingBuilderSupportListener,55,369
org.apache.commons.configuration2.builder.TestReloadingFileBasedConfigurationBuilder,184,"1,786"
org.apache.commons.configuration2.builder.TestReloadingFileBasedConfigurationBuilder.ReloadingFileBasedConfigurationBuilderTestImpl,45,91
org.apache.commons.configuration2.builder.TestXMLBuilderParametersImpl,128,"1,380"
org.apache.commons.configuration2.builder.XMLBuilderParametersImpl,87,461
org.apache.commons.configuration2.builder.combined.AbstractMultiFileConfigurationBuilderTest,77,351
org.apache.commons.configuration2.builder.combined.BaseConfigurationBuilderProvider,345,"1,453"
org.apache.commons.configuration2.builder.combined.CombinedBuilderParametersImpl,402,"1,569"
org.apache.commons.configuration2.builder.combined.CombinedConfigurationBuilder,"1,222","10,699"
org.apache.commons.configuration2.builder.combined.CombinedConfigurationBuilder.ConfigurationSourceData,260,"1,605"
org.apache.commons.configuration2.builder.combined.CombinedConfigurationBuilderProvider,98,483
org.apache.commons.configuration2.builder.combined.ConfigurationDeclaration,161,632
org.apache.commons.configuration2.builder.combined.FileExtensionConfigurationBuilderProvider,143,592
org.apache.commons.configuration2.builder.combined.MultiFileBuilderParametersImpl,137,392
org.apache.commons.configuration2.builder.combined.MultiFileConfigurationBuilder,487,"2,521"
org.apache.commons.configuration2.builder.combined.MultiFileConfigurationBuilderProvider,108,794
org.apache.commons.configuration2.builder.combined.MultiFileConfigurationBuilderProvider.ReloadableWrapperBuilder,30,79
org.apache.commons.configuration2.builder.combined.MultiFileConfigurationBuilderProvider.WrapperBuilder,42,181
org.apache.commons.configuration2.builder.combined.MultiWrapDynaBean,143,836
org.apache.commons.configuration2.builder.combined.MultiWrapDynaClass,75,297
org.apache.commons.configuration2.builder.combined.ReloadingCombinedConfigurationBuilder,167,541
org.apache.commons.configuration2.builder.combined.ReloadingMultiFileConfigurationBuilder,129,327
org.apache.commons.configuration2.builder.combined.TestBaseConfigurationBuilderProvider,243,"1,610"
org.apache.commons.configuration2.builder.combined.TestCombinedBuilderParametersImpl,424,"4,026"
org.apache.commons.configuration2.builder.combined.TestCombinedConfigurationBuilder,"1,238","18,117"
org.apache.commons.configuration2.builder.combined.TestCombinedConfigurationBuilder.BuilderProviderTestImpl,27,112
org.apache.commons.configuration2.builder.combined.TestCombinedConfigurationBuilder.CombinedConfigurationTestImpl,8,8
org.apache.commons.configuration2.builder.combined.TestCombinedConfigurationBuilder.ConstantConfigurationBuilder,19,60
org.apache.commons.configuration2.builder.combined.TestCombinedConfigurationBuilder.EntityResolverWithPropertiesTestImpl,44,178
org.apache.commons.configuration2.builder.combined.TestCombinedConfigurationBuilder.FileSystemTestImpl,7,8
org.apache.commons.configuration2.builder.combined.TestCombinedConfigurationBuilder.ReadThread,46,190
org.apache.commons.configuration2.builder.combined.TestCombinedConfigurationBuilder.TestLookup,20,108
org.apache.commons.configuration2.builder.combined.TestCombinedConfigurationBuilderVFS,41,285
org.apache.commons.configuration2.builder.combined.TestConfigurationDeclaration,121,"1,310"
org.apache.commons.configuration2.builder.combined.TestFileExtensionConfigurationBuilderProvider,197,"1,128"
org.apache.commons.configuration2.builder.combined.TestMultiFileBuilderParametersImpl,114,859
org.apache.commons.configuration2.builder.combined.TestMultiFileConfigurationBuilder,389,"4,047"
org.apache.commons.configuration2.builder.combined.TestMultiWrapDynaBean,186,"1,992"
org.apache.commons.configuration2.builder.combined.TestMultiWrapDynaBean.WrappedBeanTestImpl,37,224
org.apache.commons.configuration2.builder.combined.TestReloadingCombinedConfigurationBuilder,114,853
org.apache.commons.configuration2.builder.combined.TestReloadingCombinedConfigurationBuilderFileBased,291,"3,842"
org.apache.commons.configuration2.builder.combined.TestReloadingCombinedConfigurationBuilderFileBased.ConstantConfigurationBuilder,19,60
org.apache.commons.configuration2.builder.combined.TestReloadingCombinedConfigurationBuilderFileBased.ReloadThread,45,380
org.apache.commons.configuration2.builder.combined.TestReloadingMultiFileConfigurationBuilder,142,"1,555"
org.apache.commons.configuration2.builder.combined.TestReloadingMultiFileConfigurationBuilder.ReloadingMultiFileConfigurationBuilderTestImpl,51,153
org.apache.commons.configuration2.builder.fluent.Configurations,571,"1,469"
org.apache.commons.configuration2.builder.fluent.Parameters,260,957
org.apache.commons.configuration2.builder.fluent.Parameters.ParametersIfcInvocationHandler,51,180
org.apache.commons.configuration2.builder.fluent.TestConfigurations,451,"3,191"
org.apache.commons.configuration2.builder.fluent.TestParameters,375,"3,826"
org.apache.commons.configuration2.convert.AbstractListDelimiterHandler,168,853
org.apache.commons.configuration2.convert.DefaultConversionHandler,366,"2,149"
org.apache.commons.configuration2.convert.DefaultListDelimiterHandler,167,994
org.apache.commons.configuration2.convert.DisabledListDelimiterHandler,63,113
org.apache.commons.configuration2.convert.LegacyListDelimiterHandler,240,"1,765"
org.apache.commons.configuration2.convert.PropertyConverter,832,"8,476"
org.apache.commons.configuration2.convert.TestDefaultConversionHandler,312,"3,211"
org.apache.commons.configuration2.convert.TestDefaultListDelimiterHandler,163,"1,062"
org.apache.commons.configuration2.convert.TestDisabledListDelimiterHandler,175,"1,404"
org.apache.commons.configuration2.convert.TestPropertyConverter,251,"1,672"
org.apache.commons.configuration2.event.AbstractEventListenerTestImpl,79,439
org.apache.commons.configuration2.event.AbstractTestConfigurationEvents,151,"1,165"
org.apache.commons.configuration2.event.BaseEventSource,308,"1,326"
org.apache.commons.configuration2.event.ConfigurationErrorEvent,135,322
org.apache.commons.configuration2.event.ConfigurationEvent,180,508
org.apache.commons.configuration2.event.ErrorListenerTestImpl,38,151
org.apache.commons.configuration2.event.Event,93,420
org.apache.commons.configuration2.event.EventListenerList,255,"1,868"
org.apache.commons.configuration2.event.EventListenerList.EventListenerIterator,129,671
org.apache.commons.configuration2.event.EventListenerRegistrationData,98,440
org.apache.commons.configuration2.event.EventListenerTestImpl,35,147
org.apache.commons.configuration2.event.EventType,126,411
org.apache.commons.configuration2.event.TestConfigurationEventTypes,222,"1,075"
org.apache.commons.configuration2.event.TestDatabaseConfigurationEvents,35,121
org.apache.commons.configuration2.event.TestEvent,34,124
org.apache.commons.configuration2.event.TestEventListenerList,449,"5,388"
org.apache.commons.configuration2.event.TestEventListenerList.EventBase,21,97
org.apache.commons.configuration2.event.TestEventListenerList.EventSub1,12,70
org.apache.commons.configuration2.event.TestEventListenerList.EventSub2,12,70
org.apache.commons.configuration2.event.TestEventListenerList.ListenerTestImpl,42,208
org.apache.commons.configuration2.event.TestEventSource,300,"3,829"
org.apache.commons.configuration2.event.TestEventSource.CountingEventSource,29,180
org.apache.commons.configuration2.event.TestEventType,23,74
org.apache.commons.configuration2.event.TestHierarchicalConfigurationEvents,110,952
org.apache.commons.configuration2.event.TestMapConfigurationEvents,12,18
org.apache.commons.configuration2.event.TestPropertiesConfigurationEvents,14,15
org.apache.commons.configuration2.event.TestSubsetConfigurationEvents,12,26
org.apache.commons.configuration2.event.TestXMLConfigurationEvents,13,15
org.apache.commons.configuration2.ex.ConfigurationException,52,116
org.apache.commons.configuration2.ex.ConfigurationRuntimeException,65,154
org.apache.commons.configuration2.ex.ConversionException,53,116
org.apache.commons.configuration2.interpol.ConfigurationInterpolator,491,"2,410"
org.apache.commons.configuration2.interpol.ConstantLookup,135,615
org.apache.commons.configuration2.interpol.DefaultLookups,174,464
org.apache.commons.configuration2.interpol.DummyLookup,30,18
org.apache.commons.configuration2.interpol.EnvironmentLookup,42,22
org.apache.commons.configuration2.interpol.ExprLookup,246,"1,792"
org.apache.commons.configuration2.interpol.ExprLookup.Variable,57,353
org.apache.commons.configuration2.interpol.ExprLookup.Variables,32,116
org.apache.commons.configuration2.interpol.InterpolatorSpecification,99,870
org.apache.commons.configuration2.interpol.InterpolatorSpecification.Builder,165,610
org.apache.commons.configuration2.interpol.StringLookupAdapter,16,62
org.apache.commons.configuration2.interpol.SystemPropertiesLookup,33,31
org.apache.commons.configuration2.interpol.TestConfigurationInterpolator,553,"5,949"
org.apache.commons.configuration2.interpol.TestConstantLookup,118,542
org.apache.commons.configuration2.interpol.TestDummyLookup,17,46
org.apache.commons.configuration2.interpol.TestEnvironmentLookup,40,181
org.apache.commons.configuration2.interpol.TestExprLookup,115,"1,446"
org.apache.commons.configuration2.interpol.TestExprLookup.Utility,16,49
org.apache.commons.configuration2.interpol.TestInterpolatorSpecification,215,"1,777"
org.apache.commons.configuration2.interpol.TestSystemPropertiesLookup,33,153
org.apache.commons.configuration2.io.AbsoluteNameLocationStrategy,34,100
org.apache.commons.configuration2.io.BasePathLocationStrategy,38,93
org.apache.commons.configuration2.io.ClasspathLocationStrategy,26,46
org.apache.commons.configuration2.io.CombinedLocationStrategy,85,225
org.apache.commons.configuration2.io.ConfigurationLogger,204,560
org.apache.commons.configuration2.io.DefaultFileSystem,223,"2,378"
org.apache.commons.configuration2.io.DefaultFileSystem.HttpOutputStream,57,391
org.apache.commons.configuration2.io.FileHandler,"1,387","7,914"
org.apache.commons.configuration2.io.FileHandler.Updater,37,122
org.apache.commons.configuration2.io.FileHandlerListenerAdapter,37,41
org.apache.commons.configuration2.io.FileLocator,191,"1,332"
org.apache.commons.configuration2.io.FileLocator.FileLocatorBuilder,129,390
org.apache.commons.configuration2.io.FileLocatorUtils,602,"3,788"
org.apache.commons.configuration2.io.FileSystem,59,242
org.apache.commons.configuration2.io.FileSystemLocationStrategy,27,43
org.apache.commons.configuration2.io.FileUtils,83,764
org.apache.commons.configuration2.io.HomeDirectoryLocationStrategy,135,453
org.apache.commons.configuration2.io.ProvidedURLLocationStrategy,27,25
org.apache.commons.configuration2.io.TestAbsoluteNameLocationStrategy,64,378
org.apache.commons.configuration2.io.TestBasePathLocationStrategy,80,478
org.apache.commons.configuration2.io.TestClasspathLocationStrategy,56,365
org.apache.commons.configuration2.io.TestCombinedLocationStrategy,187,"1,266"
org.apache.commons.configuration2.io.TestConfigurationLogger,204,"1,673"
org.apache.commons.configuration2.io.TestDefaultFileSystem,43,145
org.apache.commons.configuration2.io.TestFileHandler,"1,376","17,861"
org.apache.commons.configuration2.io.TestFileHandler.FileBasedFileLocatorAwareTestImpl,38,202
org.apache.commons.configuration2.io.TestFileHandler.FileBasedInputStreamSupportTestImpl,20,123
org.apache.commons.configuration2.io.TestFileHandler.FileBasedTestImpl,38,131
org.apache.commons.configuration2.io.TestFileHandler.FileHandlerListenerTestImpl,67,386
org.apache.commons.configuration2.io.TestFileLocator,193,"2,263"
org.apache.commons.configuration2.io.TestFileLocatorUtils,521,"5,166"
org.apache.commons.configuration2.io.TestFileSystemLocationStrategy,39,254
org.apache.commons.configuration2.io.TestHomeDirectoryLocationStrategy,117,997
org.apache.commons.configuration2.io.TestProvidedURLLocationStrategy,40,237
org.apache.commons.configuration2.io.VFSFileSystem,290,"3,992"
org.apache.commons.configuration2.io.VFSFileSystem.VFSURLStreamHandler,17,70
org.apache.commons.configuration2.io.VerifiableOutputStream,8,20
org.apache.commons.configuration2.plist.AbstractTestPListEvents,41,255
org.apache.commons.configuration2.plist.PropertyListConfiguration,398,"6,667"
org.apache.commons.configuration2.plist.PropertyListConfiguration.DateComponentParser,62,267
org.apache.commons.configuration2.plist.PropertyListConfiguration.DateFieldParser,61,427
org.apache.commons.configuration2.plist.PropertyListConfiguration.DateSeparatorParser,36,216
org.apache.commons.configuration2.plist.PropertyListConfiguration.DateTimeZoneParser,36,396
org.apache.commons.configuration2.plist.TestPropertyListConfiguration,342,"5,685"
org.apache.commons.configuration2.plist.TestPropertyListConfigurationEvents,24,95
org.apache.commons.configuration2.plist.TestPropertyListParser,46,842
org.apache.commons.configuration2.plist.TestXMLPropertyListConfiguration,419,"6,684"
org.apache.commons.configuration2.plist.TestXMLPropertyListConfigurationEvents,24,95
org.apache.commons.configuration2.plist.XMLPropertyListConfiguration,374,"7,160"
org.apache.commons.configuration2.plist.XMLPropertyListConfiguration.ArrayNodeBuilder,30,59
org.apache.commons.configuration2.plist.XMLPropertyListConfiguration.PListNodeBuilder,195,940
org.apache.commons.configuration2.plist.XMLPropertyListConfiguration.XMLPropertyListHandler,169,"1,458"
org.apache.commons.configuration2.reloading.AlwaysReloadingDetector,23,25
org.apache.commons.configuration2.reloading.CombinedReloadingController,119,502
org.apache.commons.configuration2.reloading.CombinedReloadingController.MultiReloadingControllerDetector,53,149
org.apache.commons.configuration2.reloading.FileHandlerReloadingDetector,232,997
org.apache.commons.configuration2.reloading.ManagedReloadingDetector,47,100
org.apache.commons.configuration2.reloading.PeriodicReloadingTrigger,194,692
org.apache.commons.configuration2.reloading.RandomReloadingDetector,19,44
org.apache.commons.configuration2.reloading.ReloadingController,156,456
org.apache.commons.configuration2.reloading.ReloadingEvent,57,131
org.apache.commons.configuration2.reloading.TestCombinedReloadingController,167,"1,093"
org.apache.commons.configuration2.reloading.TestFileHandlerReloadingDetector,168,"2,136"
org.apache.commons.configuration2.reloading.TestFileHandlerReloadingDetector.FileHandlerReloadingDetectorTestImpl,38,104
org.apache.commons.configuration2.reloading.TestManagedReloadingDetector,45,144
org.apache.commons.configuration2.reloading.TestPeriodicReloadingTrigger,179,"1,350"
org.apache.commons.configuration2.reloading.TestReloadingController,166,"1,330"
org.apache.commons.configuration2.reloading.TestVFSFileHandlerReloadingDetector,133,"1,029"
org.apache.commons.configuration2.reloading.VFSFileHandlerReloadingDetector,122,629
org.apache.commons.configuration2.resolver.CatalogResolver,215,"3,514"
org.apache.commons.configuration2.resolver.CatalogResolver.Catalog,146,"1,373"
org.apache.commons.configuration2.resolver.CatalogResolver.CatalogManager,101,384
org.apache.commons.configuration2.resolver.DefaultEntityResolver,96,337
org.apache.commons.configuration2.spring.ConfigurationPropertiesFactoryBean,147,716
org.apache.commons.configuration2.spring.ConfigurationPropertySource,30,178
org.apache.commons.configuration2.spring.TestConfigurationPropertiesFactoryBean,121,"1,100"
org.apache.commons.configuration2.spring.TestConfigurationPropertySource,25,239
org.apache.commons.configuration2.spring.TestConfigurationPropertySource.Config,18,70
org.apache.commons.configuration2.sync.LockMode,31,2
org.apache.commons.configuration2.sync.NoOpSynchronizer,41,22
org.apache.commons.configuration2.sync.ReadWriteSynchronizer,74,177
org.apache.commons.configuration2.sync.TestReadWriteSynchronizer,101,"2,030"
org.apache.commons.configuration2.sync.TestReadWriteSynchronizer.Account,26,49
org.apache.commons.configuration2.sync.TestReadWriteSynchronizer.ReaderThread,54,260
org.apache.commons.configuration2.sync.TestReadWriteSynchronizer.UpdateThread,65,417
org.apache.commons.configuration2.test.HsqlDB,70,743
org.apache.commons.configuration2.tree.AbstractCombinerTest,59,356
org.apache.commons.configuration2.tree.AbstractImmutableNodeHandler,122,769
org.apache.commons.configuration2.tree.AbstractImmutableNodeHandlerTest,362,"3,866"
org.apache.commons.configuration2.tree.AbstractImmutableNodeHandlerTest.DummyNodeMatcher,10,34
org.apache.commons.configuration2.tree.ConfigurationNodeVisitorAdapter,40,45
org.apache.commons.configuration2.tree.DefaultConfigurationKey,486,"6,190"
org.apache.commons.configuration2.tree.DefaultConfigurationKey.KeyIterator,375,"2,391"
org.apache.commons.configuration2.tree.DefaultExpressionEngine,458,"2,249"
org.apache.commons.configuration2.tree.DefaultExpressionEngineSymbols,193,"1,593"
org.apache.commons.configuration2.tree.DefaultExpressionEngineSymbols.Builder,133,332
org.apache.commons.configuration2.tree.ImmutableNode,311,"2,936"
org.apache.commons.configuration2.tree.ImmutableNode.Builder,285,"1,072"
org.apache.commons.configuration2.tree.InMemoryNodeModel,"1,293","10,282"
org.apache.commons.configuration2.tree.MergeCombiner,140,"1,031"
org.apache.commons.configuration2.tree.ModelTransaction,583,"6,368"
org.apache.commons.configuration2.tree.ModelTransaction.AddAttributeOperation,27,81
org.apache.commons.configuration2.tree.ModelTransaction.AddAttributesOperation,24,55
org.apache.commons.configuration2.tree.ModelTransaction.ChangeNodeNameOperation,24,55
org.apache.commons.configuration2.tree.ModelTransaction.ChangeNodeValueOperation,24,55
org.apache.commons.configuration2.tree.ModelTransaction.ChildrenUpdateOperation,133,678
org.apache.commons.configuration2.tree.ModelTransaction.Operation,17,10
org.apache.commons.configuration2.tree.ModelTransaction.Operations,131,677
org.apache.commons.configuration2.tree.ModelTransaction.RemoveAttributeOperation,24,55
org.apache.commons.configuration2.tree.NodeAddData,120,231
org.apache.commons.configuration2.tree.NodeCombiner,110,185
org.apache.commons.configuration2.tree.NodeHandlerDecorator,104,590
org.apache.commons.configuration2.tree.NodeNameMatchers,45,89
org.apache.commons.configuration2.tree.NodeSelector,161,775
org.apache.commons.configuration2.tree.NodeStructureHelper,544,"4,802"
org.apache.commons.configuration2.tree.NodeTracker,391,"2,491"
org.apache.commons.configuration2.tree.NodeTracker.TrackedNodeData,118,413
org.apache.commons.configuration2.tree.NodeTreeWalker,157,676
org.apache.commons.configuration2.tree.NodeUpdateData,126,341
org.apache.commons.configuration2.tree.OverrideCombiner,121,686
org.apache.commons.configuration2.tree.QueryResult,165,618
org.apache.commons.configuration2.tree.ReferenceTracker,154,640
org.apache.commons.configuration2.tree.TestDefaultConfigurationKey,548,"8,107"
org.apache.commons.configuration2.tree.TestDefaultExpressionEngine,729,"9,558"
org.apache.commons.configuration2.tree.TestDefaultExpressionEngineSymbols,142,"1,258"
org.apache.commons.configuration2.tree.TestImmutableNode,598,"6,910"
org.apache.commons.configuration2.tree.TestInMemoryNodeModel,956,"14,119"
org.apache.commons.configuration2.tree.TestInMemoryNodeModelReferences,238,"2,523"
org.apache.commons.configuration2.tree.TestInMemoryNodeModelTrackedNodes,886,"11,057"
org.apache.commons.configuration2.tree.TestMergeCombiner,149,"1,745"
org.apache.commons.configuration2.tree.TestNodeAddData,71,465
org.apache.commons.configuration2.tree.TestNodeHandlerDecorator,26,46
org.apache.commons.configuration2.tree.TestNodeNameMatchers,105,691
org.apache.commons.configuration2.tree.TestNodeSelector,200,"2,059"
org.apache.commons.configuration2.tree.TestNodeTreeWalker,209,"2,041"
org.apache.commons.configuration2.tree.TestNodeTreeWalker.TestVisitor,59,229
org.apache.commons.configuration2.tree.TestNodeUpdateData,118,"1,066"
org.apache.commons.configuration2.tree.TestOverrideCombiner,171,"2,054"
org.apache.commons.configuration2.tree.TestQueryResult,136,"1,026"
org.apache.commons.configuration2.tree.TestTrackedNodeHandler,48,312
org.apache.commons.configuration2.tree.TestTrackedNodeModel,218,"1,758"
org.apache.commons.configuration2.tree.TestTreeData,17,36
org.apache.commons.configuration2.tree.TestUnionCombiner,103,"1,027"
org.apache.commons.configuration2.tree.TrackedNodeHandler,70,92
org.apache.commons.configuration2.tree.TrackedNodeModel,231,837
org.apache.commons.configuration2.tree.TreeData,203,835
org.apache.commons.configuration2.tree.TreeUtils,53,547
org.apache.commons.configuration2.tree.UnionCombiner,181,537
org.apache.commons.configuration2.tree.xpath.AbstractXPathTest,119,993
org.apache.commons.configuration2.tree.xpath.ConfigurationAttributePointer,184,502
org.apache.commons.configuration2.tree.xpath.ConfigurationNodeIteratorAttribute,100,586
org.apache.commons.configuration2.tree.xpath.ConfigurationNodeIteratorBase,183,849
org.apache.commons.configuration2.tree.xpath.ConfigurationNodeIteratorChildren,168,"1,105"
org.apache.commons.configuration2.tree.xpath.ConfigurationNodePointer,250,966
org.apache.commons.configuration2.tree.xpath.ConfigurationNodePointerFactory,98,357
org.apache.commons.configuration2.tree.xpath.ConfigurationNodePointerFactory.NodeWrapper,42,63
org.apache.commons.configuration2.tree.xpath.TestConfigurationAttributePointer,147,"1,024"
org.apache.commons.configuration2.tree.xpath.TestConfigurationIteratorAttributes,110,"1,014"
org.apache.commons.configuration2.tree.xpath.TestConfigurationNodeIteratorChildren,270,"2,805"
org.apache.commons.configuration2.tree.xpath.TestConfigurationNodePointer,127,"1,237"
org.apache.commons.configuration2.tree.xpath.TestConfigurationNodePointerFactory,130,"1,453"
org.apache.commons.configuration2.tree.xpath.TestXPathContextFactory,32,192
org.apache.commons.configuration2.tree.xpath.TestXPathExpressionEngine,492,"5,022"
org.apache.commons.configuration2.tree.xpath.TestXPathExpressionEngineInConfig,104,"1,004"
org.apache.commons.configuration2.tree.xpath.XPathContextFactory,28,48
org.apache.commons.configuration2.tree.xpath.XPathExpressionEngine,492,"3,652"
org.apache.commons.configuration2.web.AppletConfiguration,39,221
org.apache.commons.configuration2.web.BaseWebConfiguration,86,245
org.apache.commons.configuration2.web.ServletConfiguration,45,127
org.apache.commons.configuration2.web.ServletContextConfiguration,46,131
org.apache.commons.configuration2.web.ServletFilterConfiguration,35,96
org.apache.commons.configuration2.web.ServletRequestConfiguration,60,337
org.apache.commons.configuration2.web.TestAppletConfiguration,116,591
org.apache.commons.configuration2.web.TestServletConfiguration,48,267
org.apache.commons.configuration2.web.TestServletContextConfiguration,76,400
org.apache.commons.configuration2.web.TestServletFilterConfiguration,37,378
org.apache.commons.configuration2.web.TestServletFilterConfiguration.MockFilterConfig,28,117
org.apache.commons.configuration2.web.TestServletRequestConfiguration,94,773
